{"referenceId":1001,"name":"Leave Approval","description":"","editorJson":{"tabs":[],"fields":[{"fieldType":"ContainerRepresentation","id":"leaverequest","name":"Leave Request","type":"group","value":null,"required":false,"readOnly":false,"overrideId":false,"colspan":1,"placeholder":null,"minLength":0,"maxLength":0,"minValue":null,"maxValue":null,"regexPattern":null,"optionType":null,"hasEmptyValue":null,"options":null,"restUrl":null,"restResponsePath":null,"restIdProperty":null,"restLabelProperty":null,"tab":null,"className":null,"dateDisplayFormat":null,"layout":{"row":-1,"column":-1,"colspan":2},"sizeX":2,"sizeY":1,"row":-1,"col":-1,"visibilityCondition":null,"numberOfColumns":2,"fields":{"1":[{"fieldType":"FormFieldRepresentation","id":"name","name":"Name","type":"readonly","value":null,"required":false,"readOnly":false,"overrideId":false,"colspan":1,"placeholder":null,"minLength":0,"maxLength":0,"minValue":null,"maxValue":null,"regexPattern":null,"optionType":null,"hasEmptyValue":null,"options":null,"restUrl":null,"restResponsePath":null,"restIdProperty":null,"restLabelProperty":null,"tab":null,"className":null,"params":{"existingColspan":1,"maxColspan":2,"field":{"id":"name","name":"Name","type":"text"}},"dateDisplayFormat":null,"layout":{"row":-1,"column":-1,"colspan":1},"sizeX":1,"sizeY":1,"row":-1,"col":-1,"visibilityCondition":null},{"fieldType":"FormFieldRepresentation","id":"startdate","name":"Start Date","type":"readonly","value":null,"required":false,"readOnly":false,"overrideId":false,"colspan":1,"placeholder":null,"minLength":0,"maxLength":0,"minValue":null,"maxValue":null,"regexPattern":null,"optionType":null,"hasEmptyValue":null,"options":null,"restUrl":null,"restResponsePath":null,"restIdProperty":null,"restLabelProperty":null,"tab":null,"className":null,"params":{"existingColspan":1,"maxColspan":2,"field":{"id":"startdate","name":"Start Date","type":"date","dateDisplayFormat":"M-D-YYYY"}},"dateDisplayFormat":null,"layout":{"row":-1,"column":-1,"colspan":1},"sizeX":1,"sizeY":1,"row":-1,"col":-1,"visibilityCondition":null},{"fieldType":"FormFieldRepresentation","id":"employeeid","name":"Employee ID","type":"readonly","value":null,"required":false,"readOnly":false,"overrideId":false,"colspan":1,"placeholder":null,"minLength":0,"maxLength":0,"minValue":null,"maxValue":null,"regexPattern":null,"optionType":null,"hasEmptyValue":null,"options":null,"restUrl":null,"restResponsePath":null,"restIdProperty":null,"restLabelProperty":null,"tab":null,"className":null,"params":{"existingColspan":1,"maxColspan":2,"field":{"id":"employeeid","name":"Employee ID","type":"text"}},"dateDisplayFormat":null,"layout":{"row":-1,"column":-1,"colspan":1},"sizeX":1,"sizeY":1,"row":-1,"col":-1,"visibilityCondition":null}],"2":[{"fieldType":"FormFieldRepresentation","id":"leaverequestid","name":"Leave Request ID","type":"readonly","value":null,"required":false,"readOnly":false,"overrideId":false,"colspan":1,"placeholder":null,"minLength":0,"maxLength":0,"minValue":null,"maxValue":null,"regexPattern":null,"optionType":null,"hasEmptyValue":null,"options":null,"restUrl":null,"restResponsePath":null,"restIdProperty":null,"restLabelProperty":null,"tab":null,"className":null,"params":{"existingColspan":1,"maxColspan":1,"field":{"id":"leaverequestid","name":"Leave Request ID","type":"text"}},"dateDisplayFormat":null,"layout":{"row":-1,"column":-1,"colspan":1},"sizeX":1,"sizeY":1,"row":-1,"col":-1,"visibilityCondition":null},{"fieldType":"FormFieldRepresentation","id":"enddate","name":"End Date","type":"readonly","value":null,"required":false,"readOnly":false,"overrideId":false,"colspan":1,"placeholder":null,"minLength":0,"maxLength":0,"minValue":null,"maxValue":null,"regexPattern":null,"optionType":null,"hasEmptyValue":null,"options":null,"restUrl":null,"restResponsePath":null,"restIdProperty":null,"restLabelProperty":null,"tab":null,"className":null,"params":{"existingColspan":1,"maxColspan":1,"field":{"id":"enddate","name":"End Date","type":"date","dateDisplayFormat":"M-D-YYYY"}},"dateDisplayFormat":null,"layout":{"row":-1,"column":-1,"colspan":1},"sizeX":1,"sizeY":1,"row":-1,"col":-1,"visibilityCondition":null},{"fieldType":"FormFieldRepresentation","id":"attachment","name":"Attachment","type":"readonly","value":null,"required":false,"readOnly":false,"overrideId":false,"colspan":1,"placeholder":null,"minLength":0,"maxLength":0,"minValue":null,"maxValue":null,"regexPattern":null,"optionType":null,"hasEmptyValue":null,"options":null,"restUrl":null,"restResponsePath":null,"restIdProperty":null,"restLabelProperty":null,"tab":null,"className":null,"params":{"existingColspan":1,"maxColspan":1,"field":{"id":"attachment","name":"Attachment","type":"upload"}},"dateDisplayFormat":null,"layout":{"row":-1,"column":-1,"colspan":1},"sizeX":1,"sizeY":1,"row":-1,"col":-1,"visibilityCondition":null}]}},{"fieldType":"ContainerRepresentation","id":"1505161180277","name":"Label","type":"container","value":null,"required":false,"readOnly":false,"overrideId":false,"colspan":1,"placeholder":null,"minLength":0,"maxLength":0,"minValue":null,"maxValue":null,"regexPattern":null,"optionType":null,"hasEmptyValue":null,"options":null,"restUrl":null,"restResponsePath":null,"restIdProperty":null,"restLabelProperty":null,"tab":null,"className":null,"dateDisplayFormat":null,"layout":null,"sizeX":2,"sizeY":1,"row":-1,"col":-1,"visibilityCondition":null,"numberOfColumns":1,"fields":{"1":[{"fieldType":"FormFieldRepresentation","id":"remarks","name":"Remarks","type":"readonly","value":null,"required":false,"readOnly":false,"overrideId":false,"colspan":1,"placeholder":null,"minLength":0,"maxLength":0,"minValue":null,"maxValue":null,"regexPattern":null,"optionType":null,"hasEmptyValue":null,"options":null,"restUrl":null,"restResponsePath":null,"restIdProperty":null,"restLabelProperty":null,"tab":null,"className":null,"params":{"existingColspan":1,"maxColspan":1,"field":{"id":"remarks","name":"Remarks","type":"multi-line-text"}},"dateDisplayFormat":null,"layout":{"row":-1,"column":-1,"colspan":1},"sizeX":1,"sizeY":1,"row":-1,"col":-1,"visibilityCondition":null}]}},{"fieldType":"ContainerRepresentation","id":"approval","name":"Approval","type":"group","value":null,"required":false,"readOnly":false,"overrideId":false,"colspan":1,"placeholder":null,"minLength":0,"maxLength":0,"minValue":null,"maxValue":null,"regexPattern":null,"optionType":null,"hasEmptyValue":null,"options":null,"restUrl":null,"restResponsePath":null,"restIdProperty":null,"restLabelProperty":null,"tab":null,"className":null,"dateDisplayFormat":null,"layout":{"row":-1,"column":-1,"colspan":2},"sizeX":2,"sizeY":1,"row":-1,"col":-1,"visibilityCondition":null,"numberOfColumns":2,"fields":{"1":[{"fieldType":"FormFieldRepresentation","id":"signature","name":"Signature","type":"signature","value":null,"required":false,"readOnly":false,"overrideId":false,"colspan":1,"placeholder":null,"minLength":0,"maxLength":0,"minValue":null,"maxValue":null,"regexPattern":null,"optionType":null,"hasEmptyValue":null,"options":null,"restUrl":null,"restResponsePath":null,"restIdProperty":null,"restLabelProperty":null,"tab":null,"className":null,"params":{"existingColspan":1,"maxColspan":2},"dateDisplayFormat":null,"layout":{"row":-1,"column":-1,"colspan":1},"sizeX":1,"sizeY":1,"row":-1,"col":-1,"visibilityCondition":null}],"2":[{"fieldType":"FormFieldRepresentation","id":"printname","name":"Print Name","type":"text","value":null,"required":false,"readOnly":false,"overrideId":false,"colspan":1,"placeholder":null,"minLength":0,"maxLength":0,"minValue":null,"maxValue":null,"regexPattern":null,"optionType":null,"hasEmptyValue":null,"options":null,"restUrl":null,"restResponsePath":null,"restIdProperty":null,"restLabelProperty":null,"tab":null,"className":null,"params":{"existingColspan":1,"maxColspan":1},"dateDisplayFormat":null,"layout":{"row":-1,"column":-1,"colspan":1},"sizeX":1,"sizeY":1,"row":-1,"col":-1,"visibilityCondition":null}]}}],"outcomes":[{"id":null,"name":"Approve"},{"id":null,"name":"Reject"}],"javascriptEvents":[],"className":"","style":"","customFieldTemplates":{},"metadata":{},"variables":[],"customFieldsValueInfo":{},"gridsterForm":false}}