{"resourceId":32045,"properties":{"process_id":"TaskStepperDemo","name":"Task Stepper Demo","documentation":"","process_author":"","process_version":"","process_namespace":"http://www.activiti.org/processdef","executionlisteners":"","eventlisteners":"","signaldefinitions":"","messagedefinitions":"","executionvariables":"","metadata":""},"stencil":{"id":"BPMNDiagram"},"childShapes":[{"resourceId":"startEvent1","properties":{"overrideid":"","name":"Start","documentation":"","executionlisteners":"","initiator":"","formkeydefinition":"","formreference":"","fieldstovariables":"","formproperties":""},"stencil":{"id":"StartNoneEvent"},"childShapes":[],"outgoing":[{"resourceId":"sid-9CC07F85-45DD-49B2-B5C8-03C131A72AD0"}],"bounds":{"lowerRight":{"x":130,"y":193},"upperLeft":{"x":100,"y":163}},"dockers":[]},{"resourceId":"sid-28E86DE3-6CEF-4F95-A394-538A8B631B7B","properties":{"overrideid":"","name":"Task 1","documentation":"","asynchronousdefinition":"false","exclusivedefinition":"false","executionlisteners":"","multiinstance_type":"None","multiinstance_cardinality":"","multiinstance_collection":"","multiinstance_variable":"","multiinstance_condition":"","isforcompensation":"false","usertasksendemail":true,"usertaskassignment":"","formkeydefinition":"","formreference":{"id":32046,"name":"Task1","referenceId":32045},"fieldstovariables":"","duedatedefinition":"","prioritydefinition":"","categorydefinition":"","formproperties":"","tasklisteners":"","emailtemplate":""},"stencil":{"id":"UserTask"},"childShapes":[],"outgoing":[{"resourceId":"sid-88D520F9-0E95-45EB-8286-0E6E40533C27"}],"bounds":{"lowerRight":{"x":275,"y":218},"upperLeft":{"x":175,"y":138}},"dockers":[]},{"resourceId":"sid-9CC07F85-45DD-49B2-B5C8-03C131A72AD0","properties":{"overrideid":"","name":"","documentation":"","conditionsequenceflow":"","executionlisteners":"","defaultflow":"false"},"stencil":{"id":"SequenceFlow"},"childShapes":[],"outgoing":[{"resourceId":"sid-28E86DE3-6CEF-4F95-A394-538A8B631B7B"}],"bounds":{"lowerRight":{"x":174.15625,"y":178},"upperLeft":{"x":130.609375,"y":178}},"dockers":[{"x":15,"y":15},{"x":50,"y":40}],"target":{"resourceId":"sid-28E86DE3-6CEF-4F95-A394-538A8B631B7B"}},{"resourceId":"sid-EC1C9E79-5A4C-4531-A459-BABC486F9814","properties":{"overrideid":"","name":"Task 2","documentation":"","asynchronousdefinition":"false","exclusivedefinition":"false","executionlisteners":"","multiinstance_type":"None","multiinstance_cardinality":"","multiinstance_collection":"","multiinstance_variable":"","multiinstance_condition":"","isforcompensation":"false","usertasksendemail":true,"usertaskassignment":"","formkeydefinition":"","formreference":{"id":32047,"name":"Task 2","referenceId":32045},"fieldstovariables":"","duedatedefinition":"","prioritydefinition":"","categorydefinition":"","formproperties":"","tasklisteners":"","emailtemplate":""},"stencil":{"id":"UserTask"},"childShapes":[],"outgoing":[{"resourceId":"sid-11D30389-E6EE-4FAA-82D4-4799FA6C9F70"}],"bounds":{"lowerRight":{"x":415,"y":215},"upperLeft":{"x":315,"y":135}},"dockers":[]},{"resourceId":"sid-88D520F9-0E95-45EB-8286-0E6E40533C27","properties":{"overrideid":"","name":"","documentation":"","conditionsequenceflow":"","executionlisteners":"","defaultflow":"false"},"stencil":{"id":"SequenceFlow"},"childShapes":[],"outgoing":[{"resourceId":"sid-EC1C9E79-5A4C-4531-A459-BABC486F9814"}],"bounds":{"lowerRight":{"x":314.78147951279834,"y":176.92388884670282},"upperLeft":{"x":275.21852048720166,"y":176.07611115329718}},"dockers":[{"x":50,"y":40},{"x":50,"y":40}],"target":{"resourceId":"sid-EC1C9E79-5A4C-4531-A459-BABC486F9814"}},{"resourceId":"sid-312FA656-A2E3-487B-A387-BA7725614292","properties":{"overrideid":"","name":"Task 3","documentation":"","asynchronousdefinition":"false","exclusivedefinition":"false","executionlisteners":"","multiinstance_type":"None","multiinstance_cardinality":"","multiinstance_collection":"","multiinstance_variable":"","multiinstance_condition":"","isforcompensation":"false","usertasksendemail":true,"usertaskassignment":"","formkeydefinition":"","formreference":{"id":32048,"name":"Task 3","referenceId":32045},"fieldstovariables":"","duedatedefinition":"","prioritydefinition":"","categorydefinition":"","formproperties":"","tasklisteners":"","emailtemplate":""},"stencil":{"id":"UserTask"},"childShapes":[],"outgoing":[{"resourceId":"sid-18FADC30-9E32-4EC6-8800-5DB00D41A56E"}],"bounds":{"lowerRight":{"x":565,"y":218},"upperLeft":{"x":465,"y":138}},"dockers":[]},{"resourceId":"sid-11D30389-E6EE-4FAA-82D4-4799FA6C9F70","properties":{"overrideid":"","name":"","documentation":"","conditionsequenceflow":"","executionlisteners":"","defaultflow":"false"},"stencil":{"id":"SequenceFlow"},"childShapes":[],"outgoing":[{"resourceId":"sid-312FA656-A2E3-487B-A387-BA7725614292"}],"bounds":{"lowerRight":{"x":464.78125,"y":178},"upperLeft":{"x":415.21875,"y":175}},"dockers":[{"x":50,"y":40},{"x":440,"y":175},{"x":440,"y":178},{"x":50,"y":40}],"target":{"resourceId":"sid-312FA656-A2E3-487B-A387-BA7725614292"}},{"resourceId":"sid-F2C9DD3D-80D9-485F-881C-DA225E5EEFEB","properties":{"overrideid":"","name":"Task 4","documentation":"","asynchronousdefinition":"false","exclusivedefinition":"false","executionlisteners":"","multiinstance_type":"None","multiinstance_cardinality":"","multiinstance_collection":"","multiinstance_variable":"","multiinstance_condition":"","isforcompensation":"false","usertasksendemail":true,"usertaskassignment":"","formkeydefinition":"","formreference":{"id":32049,"name":"Task 4","referenceId":32045},"fieldstovariables":"","duedatedefinition":"","prioritydefinition":"","categorydefinition":"","formproperties":"","tasklisteners":"","emailtemplate":""},"stencil":{"id":"UserTask"},"childShapes":[],"outgoing":[{"resourceId":"sid-62840567-894D-425C-8E98-61FE95BEF2FB"}],"bounds":{"lowerRight":{"x":710,"y":218},"upperLeft":{"x":610,"y":138}},"dockers":[]},{"resourceId":"sid-18FADC30-9E32-4EC6-8800-5DB00D41A56E","properties":{"overrideid":"","name":"","documentation":"","conditionsequenceflow":"","executionlisteners":"","defaultflow":"false"},"stencil":{"id":"SequenceFlow"},"childShapes":[],"outgoing":[{"resourceId":"sid-F2C9DD3D-80D9-485F-881C-DA225E5EEFEB"}],"bounds":{"lowerRight":{"x":609.15625,"y":178},"upperLeft":{"x":565.84375,"y":178}},"dockers":[{"x":50,"y":40},{"x":50,"y":40}],"target":{"resourceId":"sid-F2C9DD3D-80D9-485F-881C-DA225E5EEFEB"}},{"resourceId":"sid-7B02F5F5-ED4B-443F-ADF2-B0BC5AE5561F","properties":{"overrideid":"","name":"End","documentation":"","executionlisteners":""},"stencil":{"id":"EndNoneEvent"},"childShapes":[],"outgoing":[],"bounds":{"lowerRight":{"x":783,"y":192},"upperLeft":{"x":755,"y":164}},"dockers":[]},{"resourceId":"sid-62840567-894D-425C-8E98-61FE95BEF2FB","properties":{"overrideid":"","name":"","documentation":"","conditionsequenceflow":"","executionlisteners":"","defaultflow":"false"},"stencil":{"id":"SequenceFlow"},"childShapes":[],"outgoing":[{"resourceId":"sid-7B02F5F5-ED4B-443F-ADF2-B0BC5AE5561F"}],"bounds":{"lowerRight":{"x":754.375,"y":178},"upperLeft":{"x":710.390625,"y":178}},"dockers":[{"x":50,"y":40},{"x":14,"y":14}],"target":{"resourceId":"sid-7B02F5F5-ED4B-443F-ADF2-B0BC5AE5561F"}}],"bounds":{"lowerRight":{"x":1200,"y":1050},"upperLeft":{"x":0,"y":0}},"stencilset":{"url":"stencilsets/bpmn2.0/bpmn2.0.json","namespace":"http://b3mn.org/stencilset/bpmn2.0#"},"ssextensions":[]}