<?xml version='1.0' encoding='UTF-8'?>
<definitions xmlns="http://www.omg.org/spec/BPMN/20100524/MODEL" xmlns:xsi="http://www.w3.org/2001/XMLSchema-instance" xmlns:xsd="http://www.w3.org/2001/XMLSchema" xmlns:activiti="http://activiti.org/bpmn" xmlns:bpmndi="http://www.omg.org/spec/BPMN/20100524/DI" xmlns:omgdc="http://www.omg.org/spec/DD/20100524/DC" xmlns:omgdi="http://www.omg.org/spec/DD/20100524/DI" typeLanguage="http://www.w3.org/2001/XMLSchema" expressionLanguage="http://www.w3.org/1999/XPath" targetNamespace="http://www.activiti.org/processdef" xmlns:modeler="http://activiti.com/modeler" modeler:version="1.0en" modeler:exportDateTime="20170721184042950" modeler:modelId="32045" modeler:modelVersion="3" modeler:modelLastUpdated="1500679828322">
  <process id="TaskStepperDemo" name="Task Stepper Demo" isExecutable="true">
    <startEvent id="startEvent1" name="Start">
      <extensionElements>
        <modeler:editor-resource-id><![CDATA[startEvent1]]></modeler:editor-resource-id>
      </extensionElements>
    </startEvent>
    <userTask id="sid-28E86DE3-6CEF-4F95-A394-538A8B631B7B" name="Task 1" activiti:assignee="$INITIATOR" activiti:formKey="32046">
      <extensionElements>
        <modeler:allow-send-email><![CDATA[true]]></modeler:allow-send-email>
        <modeler:form-reference-id><![CDATA[32046]]></modeler:form-reference-id>
        <modeler:form-reference-name><![CDATA[Task1]]></modeler:form-reference-name>
        <modeler:activiti-idm-initiator><![CDATA[true]]></modeler:activiti-idm-initiator>
        <modeler:editor-resource-id><![CDATA[sid-28E86DE3-6CEF-4F95-A394-538A8B631B7B]]></modeler:editor-resource-id>
      </extensionElements>
    </userTask>
    <sequenceFlow id="sid-9CC07F85-45DD-49B2-B5C8-03C131A72AD0" sourceRef="startEvent1" targetRef="sid-28E86DE3-6CEF-4F95-A394-538A8B631B7B">
      <extensionElements>
        <modeler:editor-resource-id><![CDATA[sid-9CC07F85-45DD-49B2-B5C8-03C131A72AD0]]></modeler:editor-resource-id>
      </extensionElements>
    </sequenceFlow>
    <userTask id="sid-EC1C9E79-5A4C-4531-A459-BABC486F9814" name="Task 2" activiti:assignee="$INITIATOR" activiti:formKey="32047">
      <extensionElements>
        <modeler:allow-send-email><![CDATA[true]]></modeler:allow-send-email>
        <modeler:form-reference-id><![CDATA[32047]]></modeler:form-reference-id>
        <modeler:form-reference-name><![CDATA[Task 2]]></modeler:form-reference-name>
        <modeler:activiti-idm-initiator><![CDATA[true]]></modeler:activiti-idm-initiator>
        <modeler:editor-resource-id><![CDATA[sid-EC1C9E79-5A4C-4531-A459-BABC486F9814]]></modeler:editor-resource-id>
      </extensionElements>
    </userTask>
    <sequenceFlow id="sid-88D520F9-0E95-45EB-8286-0E6E40533C27" sourceRef="sid-28E86DE3-6CEF-4F95-A394-538A8B631B7B" targetRef="sid-EC1C9E79-5A4C-4531-A459-BABC486F9814">
      <extensionElements>
        <modeler:editor-resource-id><![CDATA[sid-88D520F9-0E95-45EB-8286-0E6E40533C27]]></modeler:editor-resource-id>
      </extensionElements>
    </sequenceFlow>
    <userTask id="sid-312FA656-A2E3-487B-A387-BA7725614292" name="Task 3" activiti:assignee="$INITIATOR" activiti:formKey="32048">
      <extensionElements>
        <modeler:allow-send-email><![CDATA[true]]></modeler:allow-send-email>
        <modeler:form-reference-id><![CDATA[32048]]></modeler:form-reference-id>
        <modeler:form-reference-name><![CDATA[Task 3]]></modeler:form-reference-name>
        <modeler:activiti-idm-initiator><![CDATA[true]]></modeler:activiti-idm-initiator>
        <modeler:editor-resource-id><![CDATA[sid-312FA656-A2E3-487B-A387-BA7725614292]]></modeler:editor-resource-id>
      </extensionElements>
    </userTask>
    <sequenceFlow id="sid-11D30389-E6EE-4FAA-82D4-4799FA6C9F70" sourceRef="sid-EC1C9E79-5A4C-4531-A459-BABC486F9814" targetRef="sid-312FA656-A2E3-487B-A387-BA7725614292">
      <extensionElements>
        <modeler:editor-resource-id><![CDATA[sid-11D30389-E6EE-4FAA-82D4-4799FA6C9F70]]></modeler:editor-resource-id>
      </extensionElements>
    </sequenceFlow>
    <userTask id="sid-F2C9DD3D-80D9-485F-881C-DA225E5EEFEB" name="Task 4" activiti:assignee="$INITIATOR" activiti:formKey="32049">
      <extensionElements>
        <modeler:allow-send-email><![CDATA[true]]></modeler:allow-send-email>
        <modeler:form-reference-id><![CDATA[32049]]></modeler:form-reference-id>
        <modeler:form-reference-name><![CDATA[Task 4]]></modeler:form-reference-name>
        <modeler:activiti-idm-initiator><![CDATA[true]]></modeler:activiti-idm-initiator>
        <modeler:editor-resource-id><![CDATA[sid-F2C9DD3D-80D9-485F-881C-DA225E5EEFEB]]></modeler:editor-resource-id>
      </extensionElements>
    </userTask>
    <sequenceFlow id="sid-18FADC30-9E32-4EC6-8800-5DB00D41A56E" sourceRef="sid-312FA656-A2E3-487B-A387-BA7725614292" targetRef="sid-F2C9DD3D-80D9-485F-881C-DA225E5EEFEB">
      <extensionElements>
        <modeler:editor-resource-id><![CDATA[sid-18FADC30-9E32-4EC6-8800-5DB00D41A56E]]></modeler:editor-resource-id>
      </extensionElements>
    </sequenceFlow>
    <endEvent id="sid-7B02F5F5-ED4B-443F-ADF2-B0BC5AE5561F" name="End">
      <extensionElements>
        <modeler:editor-resource-id><![CDATA[sid-7B02F5F5-ED4B-443F-ADF2-B0BC5AE5561F]]></modeler:editor-resource-id>
      </extensionElements>
    </endEvent>
    <sequenceFlow id="sid-62840567-894D-425C-8E98-61FE95BEF2FB" sourceRef="sid-F2C9DD3D-80D9-485F-881C-DA225E5EEFEB" targetRef="sid-7B02F5F5-ED4B-443F-ADF2-B0BC5AE5561F">
      <extensionElements>
        <modeler:editor-resource-id><![CDATA[sid-62840567-894D-425C-8E98-61FE95BEF2FB]]></modeler:editor-resource-id>
      </extensionElements>
    </sequenceFlow>
  </process>
  <bpmndi:BPMNDiagram id="BPMNDiagram_TaskStepperDemo">
    <bpmndi:BPMNPlane bpmnElement="TaskStepperDemo" id="BPMNPlane_TaskStepperDemo">
      <bpmndi:BPMNShape bpmnElement="startEvent1" id="BPMNShape_startEvent1">
        <omgdc:Bounds height="30.0" width="30.0" x="100.0" y="163.0"/>
      </bpmndi:BPMNShape>
      <bpmndi:BPMNShape bpmnElement="sid-28E86DE3-6CEF-4F95-A394-538A8B631B7B" id="BPMNShape_sid-28E86DE3-6CEF-4F95-A394-538A8B631B7B">
        <omgdc:Bounds height="80.0" width="100.0" x="175.0" y="138.0"/>
      </bpmndi:BPMNShape>
      <bpmndi:BPMNShape bpmnElement="sid-EC1C9E79-5A4C-4531-A459-BABC486F9814" id="BPMNShape_sid-EC1C9E79-5A4C-4531-A459-BABC486F9814">
        <omgdc:Bounds height="80.0" width="100.0" x="315.0" y="135.0"/>
      </bpmndi:BPMNShape>
      <bpmndi:BPMNShape bpmnElement="sid-312FA656-A2E3-487B-A387-BA7725614292" id="BPMNShape_sid-312FA656-A2E3-487B-A387-BA7725614292">
        <omgdc:Bounds height="80.0" width="100.0" x="465.0" y="138.0"/>
      </bpmndi:BPMNShape>
      <bpmndi:BPMNShape bpmnElement="sid-F2C9DD3D-80D9-485F-881C-DA225E5EEFEB" id="BPMNShape_sid-F2C9DD3D-80D9-485F-881C-DA225E5EEFEB">
        <omgdc:Bounds height="80.0" width="100.0" x="610.0" y="138.0"/>
      </bpmndi:BPMNShape>
      <bpmndi:BPMNShape bpmnElement="sid-7B02F5F5-ED4B-443F-ADF2-B0BC5AE5561F" id="BPMNShape_sid-7B02F5F5-ED4B-443F-ADF2-B0BC5AE5561F">
        <omgdc:Bounds height="28.0" width="28.0" x="755.0" y="164.0"/>
      </bpmndi:BPMNShape>
      <bpmndi:BPMNEdge bpmnElement="sid-11D30389-E6EE-4FAA-82D4-4799FA6C9F70" id="BPMNEdge_sid-11D30389-E6EE-4FAA-82D4-4799FA6C9F70">
        <omgdi:waypoint x="415.0" y="175.0"/>
        <omgdi:waypoint x="440.0" y="175.0"/>
        <omgdi:waypoint x="440.0" y="178.0"/>
        <omgdi:waypoint x="465.0" y="178.0"/>
      </bpmndi:BPMNEdge>
      <bpmndi:BPMNEdge bpmnElement="sid-9CC07F85-45DD-49B2-B5C8-03C131A72AD0" id="BPMNEdge_sid-9CC07F85-45DD-49B2-B5C8-03C131A72AD0">
        <omgdi:waypoint x="130.0" y="178.0"/>
        <omgdi:waypoint x="175.0" y="178.0"/>
      </bpmndi:BPMNEdge>
      <bpmndi:BPMNEdge bpmnElement="sid-62840567-894D-425C-8E98-61FE95BEF2FB" id="BPMNEdge_sid-62840567-894D-425C-8E98-61FE95BEF2FB">
        <omgdi:waypoint x="710.0" y="178.0"/>
        <omgdi:waypoint x="755.0" y="178.0"/>
      </bpmndi:BPMNEdge>
      <bpmndi:BPMNEdge bpmnElement="sid-88D520F9-0E95-45EB-8286-0E6E40533C27" id="BPMNEdge_sid-88D520F9-0E95-45EB-8286-0E6E40533C27">
        <omgdi:waypoint x="275.0" y="176.92857142857144"/>
        <omgdi:waypoint x="315.0" y="176.07142857142856"/>
      </bpmndi:BPMNEdge>
      <bpmndi:BPMNEdge bpmnElement="sid-18FADC30-9E32-4EC6-8800-5DB00D41A56E" id="BPMNEdge_sid-18FADC30-9E32-4EC6-8800-5DB00D41A56E">
        <omgdi:waypoint x="565.0" y="178.0"/>
        <omgdi:waypoint x="610.0" y="178.0"/>
      </bpmndi:BPMNEdge>
    </bpmndi:BPMNPlane>
  </bpmndi:BPMNDiagram>
</definitions>