{"resourceId":1,"properties":{"process_id":"sentimen","name":"sentimen","documentation":"","process_author":"","process_version":"","process_namespace":"http://www.activiti.org/processdef","executionlisteners":"","eventlisteners":"","signaldefinitions":"","messagedefinitions":"","executionvariables":"[{\"variableName\":\"nodeId\",\"variableType\":\"string\",\"$$hashKey\":\"uiGrid-0009\"}]","metadata":""},"stencil":{"id":"BPMNDiagram"},"childShapes":[{"resourceId":"startEvent1","properties":{"overrideid":"","name":"Start : Get NodeId input","documentation":"","executionlisteners":"","initiator":"","formkeydefinition":"","formreference":"","fieldstovariables":"","formproperties":""},"stencil":{"id":"StartNoneEvent"},"childShapes":[],"outgoing":[{"resourceId":"sid-CAE0B5C2-07F7-4C34-B3DD-01BAC45D5A39"}],"bounds":{"lowerRight":{"x":285,"y":170},"upperLeft":{"x":255,"y":140}},"dockers":[]},{"resourceId":"sid-EED66F3C-6E30-448C-BC74-AE3CE62E4C9F","properties":{"overrideid":"","name":"Get Node Info","documentation":"","restcalltask_endpoint":{"http_method":"GET","endpoint_config":{"id":1,"tenantId":2,"name":"Alfresco repo","protocol":"HTTP","host":"localhost","port":"8080","path":"/alfresco/api/-default-/public/alfresco/versions/1/","basicAuthId":1,"basicAuthName":"Auth alfresco","requestHeaders":null},"rest_url":"nodes/${nodeId}?include=path%2Cproperties%2CallowableOperations"},"restcalltask_request_mapping":"","restcalltask_response_mapping":[{"jsonPropertyName":"entry.properties.mla:sentiment","processVariableName":"sentimen","processVariableType":"string","$$hashKey":"uiGrid-0041"},{"jsonPropertyName":"entry.properties","processVariableName":"all","processVariableType":"string","$$hashKey":"uiGrid-0043"}],"restcalltask_request_headers":""},"stencil":{"id":"RestCallTask"},"childShapes":[],"outgoing":[{"resourceId":"sid-DB79AAAA-1456-4ED2-A486-49E0777D5E18"}],"bounds":{"lowerRight":{"x":475,"y":195},"upperLeft":{"x":375,"y":115}},"dockers":[]},{"resourceId":"sid-543ED305-7663-4B95-A576-2D680AF514A1","properties":{"overrideid":"","name":"End","documentation":"","executionlisteners":""},"stencil":{"id":"EndNoneEvent"},"childShapes":[],"outgoing":[],"bounds":{"lowerRight":{"x":973,"y":169},"upperLeft":{"x":945,"y":141}},"dockers":[]},{"resourceId":"sid-DB79AAAA-1456-4ED2-A486-49E0777D5E18","properties":{"overrideid":"","name":"","documentation":"","conditionsequenceflow":"","executionlisteners":"","defaultflow":"false","showdiamondmarker":false},"stencil":{"id":"SequenceFlow"},"childShapes":[],"outgoing":[{"resourceId":"sid-AF238271-E18D-4D8E-896A-6C421A6D4006"}],"bounds":{"lowerRight":{"x":560.7326656416941,"y":156.9154211873942},"upperLeft":{"x":475.70727576455585,"y":155.0377038126058}},"dockers":[{"x":99,"y":40},{"x":4.5625,"y":22}],"target":{"resourceId":"sid-AF238271-E18D-4D8E-896A-6C421A6D4006"}},{"resourceId":"sid-AF238271-E18D-4D8E-896A-6C421A6D4006","properties":{"overrideid":"","name":"","documentation":"","asynchronousdefinition":"false","exclusivedefinition":"false","sequencefloworder":""},"stencil":{"id":"ExclusiveGateway"},"childShapes":[],"outgoing":[{"resourceId":"sid-F763DDDF-A148-4D4D-AC71-E753A91B86F2"},{"resourceId":"sid-CF4DB384-4E16-47FD-86A8-E7EC7689CFE7"}],"bounds":{"lowerRight":{"x":600,"y":175},"upperLeft":{"x":560,"y":135}},"dockers":[]},{"resourceId":"sid-F27B9048-F470-435C-AA9C-0C51346FAE4B","properties":{"overrideid":"","name":"Move Bad Folder","documentation":"","restcalltask_endpoint":{"http_method":"POST","endpoint_config":{"id":1,"tenantId":2,"name":"Alfresco repo","protocol":"HTTP","host":"localhost","port":"8080","path":"/alfresco/api/-default-/public/alfresco/versions/1/","basicAuthId":1,"basicAuthName":"Auth alfresco","requestHeaders":null},"rest_url":"nodes/${nodeId}/move"},"restcalltask_request_mapping":{"isJSONTemplate":true,"jsonTemplate":"{\n  \"targetParentId\": \"3b1dba6b-4689-4ffd-b609-79d442cd376e\"\n}"},"restcalltask_response_mapping":[{"jsonPropertyName":"entry.properties.mla:sentiment","processVariableName":"sentimen","processVariableType":"string","$$hashKey":"uiGrid-0007"},{"jsonPropertyName":"entry.properties","processVariableName":"all","processVariableType":"string","$$hashKey":"uiGrid-0009"}],"restcalltask_request_headers":""},"stencil":{"id":"RestCallTask"},"childShapes":[],"outgoing":[{"resourceId":"sid-52E920BE-7636-40F6-B95F-EC37E42088C9"}],"bounds":{"lowerRight":{"x":805,"y":110},"upperLeft":{"x":705,"y":30}},"dockers":[]},{"resourceId":"sid-3E84E228-27F3-40BC-BCE3-E74A02724BDC","properties":{"overrideid":"","name":"Move Good Folder","documentation":"","restcalltask_endpoint":{"http_method":"POST","endpoint_config":{"id":1,"tenantId":2,"name":"Alfresco repo","protocol":"HTTP","host":"localhost","port":"8080","path":"/alfresco/api/-default-/public/alfresco/versions/1/","basicAuthId":1,"basicAuthName":"Auth alfresco","requestHeaders":null},"rest_url":"nodes/${nodeId}/move"},"restcalltask_request_mapping":{"isJSONTemplate":true,"jsonTemplate":"{\n  \"targetParentId\": \"17a9aa76-df51-45cf-a13c-eb5139161eb2\"\n}"},"restcalltask_response_mapping":[{"jsonPropertyName":"entry.properties.mla:sentiment","processVariableName":"sentimen","processVariableType":"string","$$hashKey":"uiGrid-0007"},{"jsonPropertyName":"entry.properties","processVariableName":"all","processVariableType":"string","$$hashKey":"uiGrid-0009"}],"restcalltask_request_headers":""},"stencil":{"id":"RestCallTask"},"childShapes":[],"outgoing":[{"resourceId":"sid-E61FF203-B91D-47C9-8E49-6AFD27CC91AE"}],"bounds":{"lowerRight":{"x":815,"y":242.5},"upperLeft":{"x":715,"y":162.5}},"dockers":[]},{"resourceId":"sid-E61FF203-B91D-47C9-8E49-6AFD27CC91AE","properties":{"overrideid":"","name":"","documentation":"","conditionsequenceflow":"","executionlisteners":"","defaultflow":"false","showdiamondmarker":false},"stencil":{"id":"SequenceFlow"},"childShapes":[],"outgoing":[{"resourceId":"sid-543ED305-7663-4B95-A576-2D680AF514A1"}],"bounds":{"lowerRight":{"x":945.5887534721979,"y":202.00314499520277},"upperLeft":{"x":815.5167152778021,"y":159.39333937979723}},"dockers":[{"x":99,"y":40},{"x":14,"y":14}],"target":{"resourceId":"sid-543ED305-7663-4B95-A576-2D680AF514A1"}},{"resourceId":"sid-CAE0B5C2-07F7-4C34-B3DD-01BAC45D5A39","properties":{"overrideid":"","name":"","documentation":"","conditionsequenceflow":"","executionlisteners":"","defaultflow":"false","showdiamondmarker":false},"stencil":{"id":"SequenceFlow"},"childShapes":[],"outgoing":[{"resourceId":"sid-EED66F3C-6E30-448C-BC74-AE3CE62E4C9F"}],"bounds":{"lowerRight":{"x":375,"y":155},"upperLeft":{"x":285.90625,"y":155}},"dockers":[{"x":15,"y":15},{"x":1,"y":40}],"target":{"resourceId":"sid-EED66F3C-6E30-448C-BC74-AE3CE62E4C9F"}},{"resourceId":"sid-F763DDDF-A148-4D4D-AC71-E753A91B86F2","properties":{"overrideid":"","name":"sentiment < 0.5","documentation":"","conditionsequenceflow":"","executionlisteners":"","defaultflow":true,"showdiamondmarker":false},"stencil":{"id":"SequenceFlow"},"childShapes":[],"outgoing":[{"resourceId":"sid-3E84E228-27F3-40BC-BCE3-E74A02724BDC"}],"bounds":{"lowerRight":{"x":714.5053318395145,"y":202.1519828871055},"upperLeft":{"x":584.71093318716,"y":171.93077855356518}},"dockers":[{"x":22.695544497367223,"y":36.46151736788897},{"x":1,"y":40}],"target":{"resourceId":"sid-3E84E228-27F3-40BC-BCE3-E74A02724BDC"}},{"resourceId":"sid-52E920BE-7636-40F6-B95F-EC37E42088C9","properties":{"overrideid":"","name":"","documentation":"","conditionsequenceflow":"","executionlisteners":"","defaultflow":"false","showdiamondmarker":false},"stencil":{"id":"SequenceFlow"},"childShapes":[],"outgoing":[{"resourceId":"sid-543ED305-7663-4B95-A576-2D680AF514A1"}],"bounds":{"lowerRight":{"x":946.0138125913287,"y":147.87854238879314},"upperLeft":{"x":805.4822811586713,"y":70.81286386120685}},"dockers":[{"x":99,"y":40},{"x":14,"y":14}],"target":{"resourceId":"sid-543ED305-7663-4B95-A576-2D680AF514A1"}},{"resourceId":"sid-CF4DB384-4E16-47FD-86A8-E7EC7689CFE7","properties":{"overrideid":"","name":"sentiment >= 0.5","documentation":"","conditionsequenceflow":{"expression":{"type":"variables","leftRestResponseId":"sentimen","operator":"==","rightValue":"true"}},"executionlisteners":"","defaultflow":false,"showdiamondmarker":false},"stencil":{"id":"SequenceFlow"},"childShapes":[],"outgoing":[{"resourceId":"sid-F27B9048-F470-435C-AA9C-0C51346FAE4B"}],"bounds":{"lowerRight":{"x":704.173648264804,"y":140.08933458471307},"upperLeft":{"x":586.020687672696,"y":71.06691541528691}},"dockers":[{"x":22.75,"y":7},{"x":1,"y":40}],"target":{"resourceId":"sid-F27B9048-F470-435C-AA9C-0C51346FAE4B"}}],"bounds":{"lowerRight":{"x":1200,"y":950},"upperLeft":{"x":0,"y":0}},"stencilset":{"url":"stencilsets/bpmn2.0/bpmn2.0.json","namespace":"http://b3mn.org/stencilset/bpmn2.0#"},"ssextensions":[]}