<?xml version='1.0' encoding='UTF-8'?>
<definitions xmlns="http://www.omg.org/spec/BPMN/20100524/MODEL" xmlns:xsi="http://www.w3.org/2001/XMLSchema-instance" xmlns:xsd="http://www.w3.org/2001/XMLSchema" xmlns:activiti="http://activiti.org/bpmn" xmlns:bpmndi="http://www.omg.org/spec/BPMN/20100524/DI" xmlns:omgdc="http://www.omg.org/spec/DD/20100524/DC" xmlns:omgdi="http://www.omg.org/spec/DD/20100524/DI" typeLanguage="http://www.w3.org/2001/XMLSchema" expressionLanguage="http://www.w3.org/1999/XPath" targetNamespace="http://www.activiti.org/processdef" xmlns:modeler="http://activiti.com/modeler" modeler:version="1.0en" modeler:exportDateTime="20170426232730284" modeler:modelId="1" modeler:modelVersion="10" modeler:modelLastUpdated="1493242024858">
  <process id="sentimen" name="sentimen" isExecutable="true">
    <extensionElements>
      <modeler:executionvariables xmlns:modeler="http://activiti.com/modeler" modeler:variableName="nodeId" modeler:variableType="string"/>
    </extensionElements>
    <startEvent id="startEvent1" name="Start : Get NodeId input">
      <extensionElements>
        <modeler:editor-resource-id><![CDATA[startEvent1]]></modeler:editor-resource-id>
      </extensionElements>
    </startEvent>
    <serviceTask id="sid-EED66F3C-6E30-448C-BC74-AE3CE62E4C9F" name="Get Node Info" activiti:async="true" activiti:delegateExpression="${activiti_restCallDelegate}">
      <extensionElements>
        <activiti:field name="baseEndpoint">
          <activiti:string><![CDATA[1]]></activiti:string>
        </activiti:field>
        <activiti:field name="baseEndpointName">
          <activiti:string><![CDATA[Alfresco repo]]></activiti:string>
        </activiti:field>
        <activiti:field name="restUrl">
          <activiti:string><![CDATA[nodes/${nodeId}?include=path%2Cproperties%2CallowableOperations]]></activiti:string>
        </activiti:field>
        <activiti:field name="httpMethod">
          <activiti:string><![CDATA[GET]]></activiti:string>
        </activiti:field>
        <modeler:response-mapping modeler:processVariableName="sentimen" modeler:processVariableType="string" modeler:jsonPropertyName="entry.properties.mla:sentiment"/>
        <modeler:response-mapping modeler:processVariableName="all" modeler:processVariableType="string" modeler:jsonPropertyName="entry.properties"/>
        <modeler:editor-resource-id><![CDATA[sid-EED66F3C-6E30-448C-BC74-AE3CE62E4C9F]]></modeler:editor-resource-id>
      </extensionElements>
    </serviceTask>
    <endEvent id="sid-543ED305-7663-4B95-A576-2D680AF514A1" name="End">
      <extensionElements>
        <modeler:editor-resource-id><![CDATA[sid-543ED305-7663-4B95-A576-2D680AF514A1]]></modeler:editor-resource-id>
      </extensionElements>
    </endEvent>
    <sequenceFlow id="sid-DB79AAAA-1456-4ED2-A486-49E0777D5E18" sourceRef="sid-EED66F3C-6E30-448C-BC74-AE3CE62E4C9F" targetRef="sid-AF238271-E18D-4D8E-896A-6C421A6D4006">
      <extensionElements>
        <modeler:editor-resource-id><![CDATA[sid-DB79AAAA-1456-4ED2-A486-49E0777D5E18]]></modeler:editor-resource-id>
      </extensionElements>
    </sequenceFlow>
    <exclusiveGateway id="sid-AF238271-E18D-4D8E-896A-6C421A6D4006" default="sid-F763DDDF-A148-4D4D-AC71-E753A91B86F2">
      <extensionElements>
        <modeler:editor-resource-id><![CDATA[sid-AF238271-E18D-4D8E-896A-6C421A6D4006]]></modeler:editor-resource-id>
      </extensionElements>
    </exclusiveGateway>
    <serviceTask id="sid-F27B9048-F470-435C-AA9C-0C51346FAE4B" name="Move Bad Folder" activiti:async="true" activiti:delegateExpression="${activiti_restCallDelegate}">
      <extensionElements>
        <activiti:field name="baseEndpoint">
          <activiti:string><![CDATA[1]]></activiti:string>
        </activiti:field>
        <activiti:field name="baseEndpointName">
          <activiti:string><![CDATA[Alfresco repo]]></activiti:string>
        </activiti:field>
        <activiti:field name="restUrl">
          <activiti:string><![CDATA[nodes/${nodeId}/move]]></activiti:string>
        </activiti:field>
        <activiti:field name="httpMethod">
          <activiti:string><![CDATA[POST]]></activiti:string>
        </activiti:field>
        <activiti:field name="requestMappingJSONTemplate">
          <activiti:expression><![CDATA[{
  "targetParentId": "3b1dba6b-4689-4ffd-b609-79d442cd376e"
}]]></activiti:expression>
        </activiti:field>
        <modeler:response-mapping modeler:processVariableName="sentimen" modeler:processVariableType="string" modeler:jsonPropertyName="entry.properties.mla:sentiment"/>
        <modeler:response-mapping modeler:processVariableName="all" modeler:processVariableType="string" modeler:jsonPropertyName="entry.properties"/>
        <modeler:editor-resource-id><![CDATA[sid-F27B9048-F470-435C-AA9C-0C51346FAE4B]]></modeler:editor-resource-id>
      </extensionElements>
    </serviceTask>
    <serviceTask id="sid-3E84E228-27F3-40BC-BCE3-E74A02724BDC" name="Move Good Folder" activiti:async="true" activiti:delegateExpression="${activiti_restCallDelegate}">
      <extensionElements>
        <activiti:field name="baseEndpoint">
          <activiti:string><![CDATA[1]]></activiti:string>
        </activiti:field>
        <activiti:field name="baseEndpointName">
          <activiti:string><![CDATA[Alfresco repo]]></activiti:string>
        </activiti:field>
        <activiti:field name="restUrl">
          <activiti:string><![CDATA[nodes/${nodeId}/move]]></activiti:string>
        </activiti:field>
        <activiti:field name="httpMethod">
          <activiti:string><![CDATA[POST]]></activiti:string>
        </activiti:field>
        <activiti:field name="requestMappingJSONTemplate">
          <activiti:expression><![CDATA[{
  "targetParentId": "17a9aa76-df51-45cf-a13c-eb5139161eb2"
}]]></activiti:expression>
        </activiti:field>
        <modeler:response-mapping modeler:processVariableName="sentimen" modeler:processVariableType="string" modeler:jsonPropertyName="entry.properties.mla:sentiment"/>
        <modeler:response-mapping modeler:processVariableName="all" modeler:processVariableType="string" modeler:jsonPropertyName="entry.properties"/>
        <modeler:editor-resource-id><![CDATA[sid-3E84E228-27F3-40BC-BCE3-E74A02724BDC]]></modeler:editor-resource-id>
      </extensionElements>
    </serviceTask>
    <sequenceFlow id="sid-E61FF203-B91D-47C9-8E49-6AFD27CC91AE" sourceRef="sid-3E84E228-27F3-40BC-BCE3-E74A02724BDC" targetRef="sid-543ED305-7663-4B95-A576-2D680AF514A1">
      <extensionElements>
        <modeler:editor-resource-id><![CDATA[sid-E61FF203-B91D-47C9-8E49-6AFD27CC91AE]]></modeler:editor-resource-id>
      </extensionElements>
    </sequenceFlow>
    <sequenceFlow id="sid-CAE0B5C2-07F7-4C34-B3DD-01BAC45D5A39" sourceRef="startEvent1" targetRef="sid-EED66F3C-6E30-448C-BC74-AE3CE62E4C9F">
      <extensionElements>
        <modeler:editor-resource-id><![CDATA[sid-CAE0B5C2-07F7-4C34-B3DD-01BAC45D5A39]]></modeler:editor-resource-id>
      </extensionElements>
    </sequenceFlow>
    <sequenceFlow id="sid-F763DDDF-A148-4D4D-AC71-E753A91B86F2" name="sentiment &lt; 0.5" sourceRef="sid-AF238271-E18D-4D8E-896A-6C421A6D4006" targetRef="sid-3E84E228-27F3-40BC-BCE3-E74A02724BDC">
      <extensionElements>
        <modeler:editor-resource-id><![CDATA[sid-F763DDDF-A148-4D4D-AC71-E753A91B86F2]]></modeler:editor-resource-id>
      </extensionElements>
    </sequenceFlow>
    <sequenceFlow id="sid-52E920BE-7636-40F6-B95F-EC37E42088C9" sourceRef="sid-F27B9048-F470-435C-AA9C-0C51346FAE4B" targetRef="sid-543ED305-7663-4B95-A576-2D680AF514A1">
      <extensionElements>
        <modeler:editor-resource-id><![CDATA[sid-52E920BE-7636-40F6-B95F-EC37E42088C9]]></modeler:editor-resource-id>
      </extensionElements>
    </sequenceFlow>
    <sequenceFlow id="sid-CF4DB384-4E16-47FD-86A8-E7EC7689CFE7" name="sentiment >= 0.5" sourceRef="sid-AF238271-E18D-4D8E-896A-6C421A6D4006" targetRef="sid-F27B9048-F470-435C-AA9C-0C51346FAE4B">
      <extensionElements>
        <modeler:conditionDefinition modeler:index="0" modeler:leftRestResponseId="sentimen" modeler:rightValue="true" modeler:operator="=="/>
        <modeler:editor-resource-id><![CDATA[sid-CF4DB384-4E16-47FD-86A8-E7EC7689CFE7]]></modeler:editor-resource-id>
      </extensionElements>
      <conditionExpression xsi:type="tFormalExpression"><![CDATA[${(activiti_flowConditionsBean.exists(execution, 'sentimen') && sentimen == true)}]]></conditionExpression>
    </sequenceFlow>
  </process>
  <bpmndi:BPMNDiagram id="BPMNDiagram_sentimen">
    <bpmndi:BPMNPlane bpmnElement="sentimen" id="BPMNPlane_sentimen">
      <bpmndi:BPMNShape bpmnElement="startEvent1" id="BPMNShape_startEvent1">
        <omgdc:Bounds height="30.0" width="30.0" x="255.0" y="140.0"/>
      </bpmndi:BPMNShape>
      <bpmndi:BPMNShape bpmnElement="sid-EED66F3C-6E30-448C-BC74-AE3CE62E4C9F" id="BPMNShape_sid-EED66F3C-6E30-448C-BC74-AE3CE62E4C9F">
        <omgdc:Bounds height="80.0" width="100.0" x="375.0" y="115.0"/>
      </bpmndi:BPMNShape>
      <bpmndi:BPMNShape bpmnElement="sid-543ED305-7663-4B95-A576-2D680AF514A1" id="BPMNShape_sid-543ED305-7663-4B95-A576-2D680AF514A1">
        <omgdc:Bounds height="28.0" width="28.0" x="945.0" y="141.0"/>
      </bpmndi:BPMNShape>
      <bpmndi:BPMNShape bpmnElement="sid-AF238271-E18D-4D8E-896A-6C421A6D4006" id="BPMNShape_sid-AF238271-E18D-4D8E-896A-6C421A6D4006">
        <omgdc:Bounds height="40.0" width="40.0" x="560.0" y="135.0"/>
      </bpmndi:BPMNShape>
      <bpmndi:BPMNShape bpmnElement="sid-F27B9048-F470-435C-AA9C-0C51346FAE4B" id="BPMNShape_sid-F27B9048-F470-435C-AA9C-0C51346FAE4B">
        <omgdc:Bounds height="80.0" width="100.0" x="705.0" y="30.0"/>
      </bpmndi:BPMNShape>
      <bpmndi:BPMNShape bpmnElement="sid-3E84E228-27F3-40BC-BCE3-E74A02724BDC" id="BPMNShape_sid-3E84E228-27F3-40BC-BCE3-E74A02724BDC">
        <omgdc:Bounds height="80.0" width="100.0" x="715.0" y="162.5"/>
      </bpmndi:BPMNShape>
      <bpmndi:BPMNEdge bpmnElement="sid-DB79AAAA-1456-4ED2-A486-49E0777D5E18" id="BPMNEdge_sid-DB79AAAA-1456-4ED2-A486-49E0777D5E18">
        <omgdi:waypoint x="475.0" y="155.02208419599725"/>
        <omgdi:waypoint x="561.9421312632322" y="156.94213126323217"/>
      </bpmndi:BPMNEdge>
      <bpmndi:BPMNEdge bpmnElement="sid-F763DDDF-A148-4D4D-AC71-E753A91B86F2" id="BPMNEdge_sid-F763DDDF-A148-4D4D-AC71-E753A91B86F2">
        <omgdi:waypoint x="583.3792818720897" y="171.6207181279103"/>
        <omgdi:waypoint x="715.0" y="202.26716095110942"/>
      </bpmndi:BPMNEdge>
      <bpmndi:BPMNEdge bpmnElement="sid-CF4DB384-4E16-47FD-86A8-E7EC7689CFE7" id="BPMNEdge_sid-CF4DB384-4E16-47FD-86A8-E7EC7689CFE7">
        <omgdi:waypoint x="585.4327784891166" y="140.43277848911652"/>
        <omgdi:waypoint x="705.0" y="70.5841784989858"/>
      </bpmndi:BPMNEdge>
      <bpmndi:BPMNEdge bpmnElement="sid-52E920BE-7636-40F6-B95F-EC37E42088C9" id="BPMNEdge_sid-52E920BE-7636-40F6-B95F-EC37E42088C9">
        <omgdi:waypoint x="805.0" y="70.54838709677419"/>
        <omgdi:waypoint x="946.7246262786016" y="148.26834344310407"/>
      </bpmndi:BPMNEdge>
      <bpmndi:BPMNEdge bpmnElement="sid-E61FF203-B91D-47C9-8E49-6AFD27CC91AE" id="BPMNEdge_sid-E61FF203-B91D-47C9-8E49-6AFD27CC91AE">
        <omgdi:waypoint x="815.0" y="202.17241379310346"/>
        <omgdi:waypoint x="945.6956736107708" y="159.3583138171613"/>
      </bpmndi:BPMNEdge>
      <bpmndi:BPMNEdge bpmnElement="sid-CAE0B5C2-07F7-4C34-B3DD-01BAC45D5A39" id="BPMNEdge_sid-CAE0B5C2-07F7-4C34-B3DD-01BAC45D5A39">
        <omgdi:waypoint x="285.0" y="155.0"/>
        <omgdi:waypoint x="375.0" y="155.0"/>
      </bpmndi:BPMNEdge>
    </bpmndi:BPMNPlane>
  </bpmndi:BPMNDiagram>
</definitions>