{"resourceId":1001,"properties":{"process_id":"LeaveRequest","name":"Leave Request","documentation":"","process_author":"","process_version":"","process_namespace":"http://www.activiti.org/processdef","executionlisteners":"","eventlisteners":"","signaldefinitions":"","messagedefinitions":"","executionvariables":"","metadata":""},"stencil":{"id":"BPMNDiagram"},"childShapes":[{"resourceId":"startEvent1","properties":{"overrideid":"start","name":"Start","documentation":"","executionlisteners":"","initiator":"","formkeydefinition":"","formreference":{"id":1002,"name":"Leave Request","referenceId":1001},"fieldstovariables":"","formproperties":""},"stencil":{"id":"StartNoneEvent"},"childShapes":[],"outgoing":[{"resourceId":"sid-55C672C9-FD36-4A3C-ADFA-75287BB050DC"}],"bounds":{"lowerRight":{"x":60,"y":204.0837419355},"upperLeft":{"x":30,"y":174.0837419355}},"dockers":[]},{"resourceId":"sid-DEB191B9-89A3-4D8A-9633-48796549EAD0","properties":{"overrideid":"approve-reject-ex-gw","name":"Approved/Rejected?","documentation":"","asynchronousdefinition":"false","exclusivedefinition":"false","sequencefloworder":""},"stencil":{"id":"ExclusiveGateway"},"childShapes":[],"outgoing":[{"resourceId":"sid-DFE438B4-187A-49E4-BD54-DC33FF85DEE6"},{"resourceId":"sid-CE1767F9-450B-4DB9-83D6-C5345A09D8CE"}],"bounds":{"lowerRight":{"x":445,"y":209.0837419355},"upperLeft":{"x":405,"y":169.0837419355}},"dockers":[]},{"resourceId":"sid-038A9760-A5E0-47A6-9486-D0DFC16AE781","properties":{"overrideid":"","name":"Rejected","documentation":"","executionlisteners":""},"stencil":{"id":"EndNoneEvent"},"childShapes":[],"outgoing":[],"bounds":{"lowerRight":{"x":658,"y":327.08374193550003},"upperLeft":{"x":630,"y":299.08374193550003}},"dockers":[]},{"resourceId":"sid-DFE438B4-187A-49E4-BD54-DC33FF85DEE6","properties":{"overrideid":"","name":"Rejected","documentation":"","conditionsequenceflow":"","executionlisteners":"","defaultflow":true},"stencil":{"id":"SequenceFlow"},"childShapes":[],"outgoing":[{"resourceId":"sid-038A9760-A5E0-47A6-9486-D0DFC16AE781"}],"bounds":{"lowerRight":{"x":629.34375,"y":313.08374193550003},"upperLeft":{"x":425.5,"y":209.88061693550003}},"dockers":[{"x":20.5,"y":20.5},{"x":425.5,"y":313.08374193550003},{"x":14,"y":14}],"target":{"resourceId":"sid-038A9760-A5E0-47A6-9486-D0DFC16AE781"}},{"resourceId":"sid-F006C9C3-74A4-4D7E-AFDA-AABCC9A57C26","properties":{"overrideid":"","name":"Approved","documentation":"","executionlisteners":""},"stencil":{"id":"EndNoneEvent"},"childShapes":[],"outgoing":[],"bounds":{"lowerRight":{"x":703,"y":99.0837419355},"upperLeft":{"x":675,"y":71.0837419355}},"dockers":[]},{"resourceId":"sid-24FEF6B8-6C0E-41E3-80C4-2A5041D11498","properties":{"overrideid":"","name":"","documentation":"","conditionsequenceflow":"","executionlisteners":"","defaultflow":"false","showdiamondmarker":false},"stencil":{"id":"SequenceFlow"},"childShapes":[],"outgoing":[{"resourceId":"sid-F006C9C3-74A4-4D7E-AFDA-AABCC9A57C26"}],"bounds":{"lowerRight":{"x":674.8515625,"y":85.0837419355},"upperLeft":{"x":580.4296875,"y":85.0837419355}},"dockers":[{"x":68.75,"y":40.0837419355},{"x":14,"y":14}],"target":{"resourceId":"sid-F006C9C3-74A4-4D7E-AFDA-AABCC9A57C26"}},{"resourceId":"sid-8F8680B3-26FE-4F10-AB53-5A3D07ABC7E0","properties":{"overrideid":"publish-to-acs","name":"Publish to ACS","documentation":"","alfresco_cloud_content":{"source":"process","documentAspects":[{"aspectName":"cm:titled"}],"documentType":"cmis:document"},"alfresco_cloud_destination":{"account":"alfresco-1-alfresco-1","site":"partner-summit-2017","path":"ad576d3d-3aa5-4f8e-9203-fc406e8a05d1","path_title":"documentLibrary > Leave Requests","site_title":"Partner Summit 2017","publish_as_type":"process_initiator","folder":"leaverequestid"}},"stencil":{"id":"PublishToAlfrescoCloudTask"},"childShapes":[],"outgoing":[{"resourceId":"sid-24FEF6B8-6C0E-41E3-80C4-2A5041D11498"}],"bounds":{"lowerRight":{"x":580.242193548,"y":125.167483871},"upperLeft":{"x":480,"y":45}},"dockers":[]},{"resourceId":"sid-C66D5A50-0E3D-4222-9797-AB07AE7CBAE8","properties":{"overrideid":"leave-approval-task","name":"Leave Approval","documentation":"","asynchronousdefinition":"false","exclusivedefinition":"false","executionlisteners":"","multiinstance_type":"None","multiinstance_cardinality":"","multiinstance_collection":"","multiinstance_variable":"","multiinstance_condition":"","isforcompensation":"false","usertasksendemail":true,"usertaskassignment":"","formkeydefinition":"","formreference":{"id":2009,"name":"Leave Approval","referenceId":1001,"variablesmapping":[]},"fieldstovariables":"","duedatedefinition":"","prioritydefinition":"","categorydefinition":"","formproperties":"","tasklisteners":"","emailtemplate":""},"stencil":{"id":"UserTask"},"childShapes":[],"outgoing":[{"resourceId":"sid-DA2691B0-1F44-4B30-91F0-F7003BFC4141"}],"bounds":{"lowerRight":{"x":295,"y":229.0837419355},"upperLeft":{"x":195,"y":149.0837419355}},"dockers":[]},{"resourceId":"sid-55C672C9-FD36-4A3C-ADFA-75287BB050DC","properties":{"overrideid":"","name":"","documentation":"","conditionsequenceflow":"","executionlisteners":"","defaultflow":"false"},"stencil":{"id":"SequenceFlow"},"childShapes":[],"outgoing":[{"resourceId":"sid-C66D5A50-0E3D-4222-9797-AB07AE7CBAE8"}],"bounds":{"lowerRight":{"x":194.78125,"y":189.0837419355},"upperLeft":{"x":60.0625,"y":189.0837419355}},"dockers":[{"x":15,"y":15},{"x":50,"y":40}],"target":{"resourceId":"sid-C66D5A50-0E3D-4222-9797-AB07AE7CBAE8"}},{"resourceId":"sid-DA2691B0-1F44-4B30-91F0-F7003BFC4141","properties":{"overrideid":"","name":"","documentation":"","conditionsequenceflow":"","executionlisteners":"","defaultflow":"false"},"stencil":{"id":"SequenceFlow"},"childShapes":[],"outgoing":[{"resourceId":"sid-DEB191B9-89A3-4D8A-9633-48796549EAD0"}],"bounds":{"lowerRight":{"x":405.015625,"y":189.0837419355},"upperLeft":{"x":295.21875,"y":189.0837419355}},"dockers":[{"x":50,"y":40},{"x":20,"y":20}],"target":{"resourceId":"sid-DEB191B9-89A3-4D8A-9633-48796549EAD0"}},{"resourceId":"sid-CE1767F9-450B-4DB9-83D6-C5345A09D8CE","properties":{"overrideid":"","name":"Approved","documentation":"","conditionsequenceflow":{"expression":{"type":"variables","operator":"==","outcomeFormId":2009,"outcomeFormName":"Leave Approval","rightOutcomeFormId":2009,"rightOutcomeFormName":"Leave Approval","rightOutcomeName":"Approve"}},"executionlisteners":"","defaultflow":"false"},"stencil":{"id":"SequenceFlow"},"childShapes":[],"outgoing":[{"resourceId":"sid-8F8680B3-26FE-4F10-AB53-5A3D07ABC7E0"}],"bounds":{"lowerRight":{"x":480.07995766118756,"y":168.9899919355},"upperLeft":{"x":425.5,"y":85.0837419355}},"dockers":[{"x":20.5,"y":20.5},{"x":425.5,"y":85.0837419355},{"x":50.12109677400002,"y":40.0837419355}],"target":{"resourceId":"sid-8F8680B3-26FE-4F10-AB53-5A3D07ABC7E0"}}],"bounds":{"lowerRight":{"x":1200,"y":1050},"upperLeft":{"x":0,"y":0}},"stencilset":{"url":"stencilsets/bpmn2.0/bpmn2.0.json","namespace":"http://b3mn.org/stencilset/bpmn2.0#"},"ssextensions":[]}