<?xml version='1.0' encoding='UTF-8'?>
<definitions xmlns="http://www.omg.org/spec/BPMN/20100524/MODEL" xmlns:xsi="http://www.w3.org/2001/XMLSchema-instance" xmlns:xsd="http://www.w3.org/2001/XMLSchema" xmlns:activiti="http://activiti.org/bpmn" xmlns:bpmndi="http://www.omg.org/spec/BPMN/20100524/DI" xmlns:omgdc="http://www.omg.org/spec/DD/20100524/DC" xmlns:omgdi="http://www.omg.org/spec/DD/20100524/DI" typeLanguage="http://www.w3.org/2001/XMLSchema" expressionLanguage="http://www.w3.org/1999/XPath" targetNamespace="http://www.activiti.org/processdef" xmlns:modeler="http://activiti.com/modeler" modeler:version="1.0en" modeler:exportDateTime="20170911212725309" modeler:modelId="1001" modeler:modelVersion="16" modeler:modelLastUpdated="1505163371126">
  <process id="LeaveRequest" name="Leave Request" isExecutable="true">
    <startEvent id="start" name="Start" activiti:formKey="1002">
      <extensionElements>
        <modeler:form-reference-id><![CDATA[1002]]></modeler:form-reference-id>
        <modeler:form-reference-name><![CDATA[Leave Request]]></modeler:form-reference-name>
        <modeler:editor-resource-id><![CDATA[startEvent1]]></modeler:editor-resource-id>
      </extensionElements>
    </startEvent>
    <exclusiveGateway id="approve-reject-ex-gw" name="Approved/Rejected?" default="sid-DFE438B4-187A-49E4-BD54-DC33FF85DEE6">
      <extensionElements>
        <modeler:editor-resource-id><![CDATA[sid-DEB191B9-89A3-4D8A-9633-48796549EAD0]]></modeler:editor-resource-id>
      </extensionElements>
    </exclusiveGateway>
    <endEvent id="sid-038A9760-A5E0-47A6-9486-D0DFC16AE781" name="Rejected">
      <extensionElements>
        <modeler:editor-resource-id><![CDATA[sid-038A9760-A5E0-47A6-9486-D0DFC16AE781]]></modeler:editor-resource-id>
      </extensionElements>
    </endEvent>
    <sequenceFlow id="sid-DFE438B4-187A-49E4-BD54-DC33FF85DEE6" name="Rejected" sourceRef="approve-reject-ex-gw" targetRef="sid-038A9760-A5E0-47A6-9486-D0DFC16AE781">
      <extensionElements>
        <modeler:editor-resource-id><![CDATA[sid-DFE438B4-187A-49E4-BD54-DC33FF85DEE6]]></modeler:editor-resource-id>
      </extensionElements>
    </sequenceFlow>
    <endEvent id="sid-F006C9C3-74A4-4D7E-AFDA-AABCC9A57C26" name="Approved">
      <extensionElements>
        <modeler:editor-resource-id><![CDATA[sid-F006C9C3-74A4-4D7E-AFDA-AABCC9A57C26]]></modeler:editor-resource-id>
      </extensionElements>
    </endEvent>
    <sequenceFlow id="sid-24FEF6B8-6C0E-41E3-80C4-2A5041D11498" sourceRef="publish-to-acs" targetRef="sid-F006C9C3-74A4-4D7E-AFDA-AABCC9A57C26">
      <extensionElements>
        <modeler:editor-resource-id><![CDATA[sid-24FEF6B8-6C0E-41E3-80C4-2A5041D11498]]></modeler:editor-resource-id>
      </extensionElements>
    </sequenceFlow>
    <serviceTask id="publish-to-acs" name="Publish to ACS" activiti:async="true" activiti:delegateExpression="${activiti_publishAlfrescoDelegate}">
      <extensionElements>
        <activiti:field name="contentSource">
          <activiti:string><![CDATA[process]]></activiti:string>
        </activiti:field>
        <activiti:field name="documentType">
          <activiti:string><![CDATA[cmis:document]]></activiti:string>
        </activiti:field>
        <activiti:field name="documentAspects">
          <activiti:string><![CDATA[[{"aspectName":"cm:titled"}]]]></activiti:string>
        </activiti:field>
        <activiti:field name="account">
          <activiti:string><![CDATA[alfresco-1-alfresco-1]]></activiti:string>
        </activiti:field>
        <activiti:field name="site">
          <activiti:string><![CDATA[partner-summit-2017]]></activiti:string>
        </activiti:field>
        <activiti:field name="publishAsType">
          <activiti:string><![CDATA[process_initiator]]></activiti:string>
        </activiti:field>
        <activiti:field name="path">
          <activiti:string><![CDATA[ad576d3d-3aa5-4f8e-9203-fc406e8a05d1]]></activiti:string>
        </activiti:field>
        <activiti:field name="createFolder">
          <activiti:expression><![CDATA[${leaverequestid}]]></activiti:expression>
        </activiti:field>
        <modeler:publish-task-type><![CDATA[alfresco]]></modeler:publish-task-type>
        <modeler:site_title><![CDATA[Partner Summit 2017]]></modeler:site_title>
        <modeler:path_title><![CDATA[documentLibrary > Leave Requests]]></modeler:path_title>
        <modeler:editor-resource-id><![CDATA[sid-8F8680B3-26FE-4F10-AB53-5A3D07ABC7E0]]></modeler:editor-resource-id>
      </extensionElements>
    </serviceTask>
    <userTask id="leave-approval-task" name="Leave Approval" activiti:async="true" activiti:exclusive="false" activiti:assignee="$INITIATOR" activiti:formKey="2009">
      <extensionElements>
        <activiti:executionListener event="start" class="com.activiti.runtime.activiti.ContentProcessorExecutionListener">
          <activiti:field name="externalContentHandler">
            <activiti:expression><![CDATA[${externalContentHandler}]]></activiti:expression>
          </activiti:field>
        </activiti:executionListener>
        <modeler:allow-send-email><![CDATA[true]]></modeler:allow-send-email>
        <modeler:form-reference-id><![CDATA[2009]]></modeler:form-reference-id>
        <modeler:form-reference-name><![CDATA[Leave Approval]]></modeler:form-reference-name>
        <modeler:activiti-idm-initiator><![CDATA[true]]></modeler:activiti-idm-initiator>
        <modeler:editor-resource-id><![CDATA[sid-C66D5A50-0E3D-4222-9797-AB07AE7CBAE8]]></modeler:editor-resource-id>
        <modeler:ignore-listener-on-import><![CDATA[com.activiti.runtime.activiti.ContentProcessorExecutionListener]]></modeler:ignore-listener-on-import>
      </extensionElements>
    </userTask>
    <sequenceFlow id="sid-55C672C9-FD36-4A3C-ADFA-75287BB050DC" sourceRef="start" targetRef="leave-approval-task">
      <extensionElements>
        <modeler:editor-resource-id><![CDATA[sid-55C672C9-FD36-4A3C-ADFA-75287BB050DC]]></modeler:editor-resource-id>
      </extensionElements>
    </sequenceFlow>
    <sequenceFlow id="sid-DA2691B0-1F44-4B30-91F0-F7003BFC4141" sourceRef="leave-approval-task" targetRef="approve-reject-ex-gw">
      <extensionElements>
        <modeler:editor-resource-id><![CDATA[sid-DA2691B0-1F44-4B30-91F0-F7003BFC4141]]></modeler:editor-resource-id>
      </extensionElements>
    </sequenceFlow>
    <sequenceFlow id="sid-CE1767F9-450B-4DB9-83D6-C5345A09D8CE" name="Approved" sourceRef="approve-reject-ex-gw" targetRef="publish-to-acs">
      <extensionElements>
        <modeler:conditionDefinition modeler:index="0" modeler:outcomeFormId="2009" modeler:outcomeFormName="Leave Approval" modeler:rightOutcomeName="Approve" modeler:operator="=="/>
        <modeler:editor-resource-id><![CDATA[sid-CE1767F9-450B-4DB9-83D6-C5345A09D8CE]]></modeler:editor-resource-id>
      </extensionElements>
      <conditionExpression xsi:type="tFormalExpression"><![CDATA[${(activiti_flowConditionsBean.exists(execution, 'form2009outcome') && form2009outcome == 'Approve')}]]></conditionExpression>
    </sequenceFlow>
  </process>
  <bpmndi:BPMNDiagram id="BPMNDiagram_LeaveRequest">
    <bpmndi:BPMNPlane bpmnElement="LeaveRequest" id="BPMNPlane_LeaveRequest">
      <bpmndi:BPMNShape bpmnElement="start" id="BPMNShape_start">
        <omgdc:Bounds height="30.0" width="30.0" x="30.0" y="174.0837419355"/>
      </bpmndi:BPMNShape>
      <bpmndi:BPMNShape bpmnElement="approve-reject-ex-gw" id="BPMNShape_approve-reject-ex-gw">
        <omgdc:Bounds height="40.0" width="40.0" x="405.0" y="169.0837419355"/>
      </bpmndi:BPMNShape>
      <bpmndi:BPMNShape bpmnElement="sid-038A9760-A5E0-47A6-9486-D0DFC16AE781" id="BPMNShape_sid-038A9760-A5E0-47A6-9486-D0DFC16AE781">
        <omgdc:Bounds height="28.0" width="28.0" x="630.0" y="299.08374193550003"/>
      </bpmndi:BPMNShape>
      <bpmndi:BPMNShape bpmnElement="sid-F006C9C3-74A4-4D7E-AFDA-AABCC9A57C26" id="BPMNShape_sid-F006C9C3-74A4-4D7E-AFDA-AABCC9A57C26">
        <omgdc:Bounds height="28.0" width="28.0" x="675.0" y="71.0837419355"/>
      </bpmndi:BPMNShape>
      <bpmndi:BPMNShape bpmnElement="publish-to-acs" id="BPMNShape_publish-to-acs">
        <omgdc:Bounds height="80.167483871" width="100.24219354800005" x="480.0" y="45.0"/>
      </bpmndi:BPMNShape>
      <bpmndi:BPMNShape bpmnElement="leave-approval-task" id="BPMNShape_leave-approval-task">
        <omgdc:Bounds height="80.0" width="100.0" x="195.0" y="149.0837419355"/>
      </bpmndi:BPMNShape>
      <bpmndi:BPMNEdge bpmnElement="sid-DFE438B4-187A-49E4-BD54-DC33FF85DEE6" id="BPMNEdge_sid-DFE438B4-187A-49E4-BD54-DC33FF85DEE6">
        <omgdi:waypoint x="425.5" y="208.5837419355"/>
        <omgdi:waypoint x="425.5" y="313.08374193550003"/>
        <omgdi:waypoint x="630.0" y="313.08374193550003"/>
      </bpmndi:BPMNEdge>
      <bpmndi:BPMNEdge bpmnElement="sid-DA2691B0-1F44-4B30-91F0-F7003BFC4141" id="BPMNEdge_sid-DA2691B0-1F44-4B30-91F0-F7003BFC4141">
        <omgdi:waypoint x="295.0" y="189.0837419355"/>
        <omgdi:waypoint x="405.0" y="189.0837419355"/>
      </bpmndi:BPMNEdge>
      <bpmndi:BPMNEdge bpmnElement="sid-55C672C9-FD36-4A3C-ADFA-75287BB050DC" id="BPMNEdge_sid-55C672C9-FD36-4A3C-ADFA-75287BB050DC">
        <omgdi:waypoint x="60.0" y="189.0837419355"/>
        <omgdi:waypoint x="195.0" y="189.0837419355"/>
      </bpmndi:BPMNEdge>
      <bpmndi:BPMNEdge bpmnElement="sid-24FEF6B8-6C0E-41E3-80C4-2A5041D11498" id="BPMNEdge_sid-24FEF6B8-6C0E-41E3-80C4-2A5041D11498">
        <omgdi:waypoint x="580.242193548" y="85.0837419355"/>
        <omgdi:waypoint x="675.0" y="85.0837419355"/>
      </bpmndi:BPMNEdge>
      <bpmndi:BPMNEdge bpmnElement="sid-CE1767F9-450B-4DB9-83D6-C5345A09D8CE" id="BPMNEdge_sid-CE1767F9-450B-4DB9-83D6-C5345A09D8CE">
        <omgdi:waypoint x="425.5" y="169.5837419355"/>
        <omgdi:waypoint x="425.5" y="85.0837419355"/>
        <omgdi:waypoint x="480.0" y="85.0837419355"/>
      </bpmndi:BPMNEdge>
    </bpmndi:BPMNPlane>
  </bpmndi:BPMNDiagram>
</definitions>